channel,utm_source,utm_medium,utm_campaign,example_url
Venue outreach,venue,outreach,wc2026_supply,https://yourscene.netlify.app/?utm_source=venue&utm_medium=outreach&utm_campaign=wc2026_supply
Influencer - Matty,mattyfc,influencer,wc2026_launch,https://yourscene.netlify.app/?utm_source=mattyfc&utm_medium=influencer&utm_campaign=wc2026_launch
Influencer - Kevin,kevinfooty,influencer,wc2026_launch,https://yourscene.netlify.app/?utm_source=kevinfooty&utm_medium=influencer&utm_campaign=wc2026_launch
Influencer - SportsGirlNYC,sportsgirlnyc,influencer,wc2026_launch,https://yourscene.netlify.app/?utm_source=sportsgirlnyc&utm_medium=influencer&utm_campaign=wc2026_launch
Community org,community,partnership,wc2026_supply,https://yourscene.netlify.app/?utm_source=community&utm_medium=partnership&utm_campaign=wc2026_supply
Instagram bio,instagram,bio,wc2026,https://yourscene.netlify.app/?utm_source=instagram&utm_medium=bio&utm_campaign=wc2026
Instagram story/reel,instagram,social,wc2026,https://yourscene.netlify.app/?utm_source=instagram&utm_medium=social&utm_campaign=wc2026
Threads,threads,social,wc2026,https://yourscene.netlify.app/?utm_source=threads&utm_medium=social&utm_campaign=wc2026
X,x,social,wc2026,https://yourscene.netlify.app/?utm_source=x&utm_medium=social&utm_campaign=wc2026
Reddit,reddit,community,wc2026,https://yourscene.netlify.app/?utm_source=reddit&utm_medium=community&utm_campaign=wc2026
Facebook group,facebook,group,wc2026,https://yourscene.netlify.app/?utm_source=facebook&utm_medium=group&utm_campaign=wc2026
Discord,discord,community,wc2026,https://yourscene.netlify.app/?utm_source=discord&utm_medium=community&utm_campaign=wc2026
Email/waitlist blast,newsletter,email,launch_jun11,https://yourscene.netlify.app/?utm_source=newsletter&utm_medium=email&utm_campaign=launch_jun11
Harbor reshare,harbor,partner,wc2026,https://yourscene.netlify.app/?utm_source=harbor&utm_medium=partner&utm_campaign=wc2026
